me.cx.vy.cn.cg.Serialization	Registered Config as LZ4 for config type CompressorConfig
me.cx.vy.cn.cg.Serialization	Registered Config as ZSTD for config type CompressorConfig
me.cx.vy.cn.cg.Serialization	Registered Config as LMDB for config type StorageConfig
me.cx.vy.cn.cg.Serialization	Registered Config as Memory for config type StorageConfig
me.cx.vy.cn.cg.Serialization	Registered Config as Redis for config type StorageConfig
me.cx.vy.cn.cg.Serialization	Registered Config as RocksDB for config type StorageConfig
me.cx.vy.cn.cg.Serialization	Registered Config as ReadonlyCachingLayer for config type StorageConfig
me.cx.vy.cn.cg.Serialization	Registered Config as CompressionAdaptor for config type StorageConfig
me.cx.vy.cn.cg.Serialization	Registered ConditionalStorageBackendConfig as ConditionalConfig for config type StorageConfig
me.cx.vy.cn.cg.Serialization	Registered Config as FragmentationAdaptor for config type StorageConfig
me.cx.vy.cn.cg.Serialization	Registered Config2 as AutoFragmentationAdaptor for config type StorageConfig
me.cx.vy.cn.cg.Serialization	Registered BasicPathInsertionConfig as BasicPathConfig for config type StorageConfig
me.cx.vy.cn.cg.Serialization	Registered Config as Serializer for config type SectionStorageConfig
me.cx.vy.cn.cg.Serialization	Registered 13 config types
me.cx.vy.cl.VoxyInstance	Initializing voxy instance
me.cx.vy.cl.VoxyInstance	Dedicated voxy thread pool size: 9
me.cx.vy.cl.VoxyInstance	Creating new world engine: 1259957700317789253@678006094
me.cx.vy.ct.ce.rg.sn.gy.BasicSectionGeometryData	Creating and zeroing 4095MB geometry buffer driver states 6072MB of free memory
me.cx.vy.ct.ce.rg.sn.gy.BasicSectionGeometryData	if your game crashes/exits here without any other log message, try manually decreasing the geometry capacity
me.cx.vy.ct.ce.rg.sn.gy.BasicSectionGeometryData	Running on nvidia, using workaround sparse buffer allocation
me.cx.vy.ct.ce.rg.sn.gy.BasicSectionGeometryData	Successfully allocated the geometry buffer in 2ms
me.cx.vy.ct.ce.VoxyRenderSystem	Voxy render system created with 4294966272 geometry capacity, using pipeline 'NormalRenderPipeline' with renderer 'MDICSectionRenderer'
me.cx.vy.cl.VoxyInstance	Dedicated voxy thread pool size: 1
me.cx.vy.ct.ce.VoxyRenderSystem	[DIAG] renderOpaque first call: viewport=3440x1440 GL_VIEWPORT=3440x1440 boundFB=2 shadowActive=false pipeline=NormalRenderPipeline
me.cx.vy.ct.ce.AbstractRenderPipeline	[DIAG] getDepthAttachmentTextureId(fb=2) → depthTex=7 (via GL_DEPTH_ATTACHMENT)
me.cx.vy.ct.ce.rg.ul.UploadStream	VOXY_PERF upload_stream coherent=true buffer_bytes=67108864 used_bytes=791104 remaining_bytes=66317760 threshold_bytes=8388608 queued_frames=1 pending_copies=0 glfinish_stalls=0 backpressure_observations=0
me.cx.vy.ct.ce.VoxyRenderSystem	Flushing download stream
me.cx.vy.ct.ce.VoxyRenderSystem	Shutting down rendering
me.cx.vy.ct.ce.rg.sn.gy.BasicSectionGeometryData	Attempting to wait for gpu memory to release
me.cx.vy.ct.ce.rg.sn.gy.BasicSectionGeometryData	Failed to wait for gpu memory to be freed, this could indicate an issue with the driver
me.cx.vy.ct.ce.VoxyRenderSystem	Shutting down render pipeline
me.cx.vy.ct.ce.VoxyRenderSystem	Flushing download stream
me.cx.vy.ct.ce.VoxyRenderSystem	Render shutdown completed
me.cx.vy.ct.ce.rg.sn.gy.BasicSectionGeometryData	Creating and zeroing 4095MB geometry buffer driver states 6054MB of free memory
me.cx.vy.ct.ce.rg.sn.gy.BasicSectionGeometryData	if your game crashes/exits here without any other log message, try manually decreasing the geometry capacity
me.cx.vy.ct.ce.rg.sn.gy.BasicSectionGeometryData	Running on nvidia, using workaround sparse buffer allocation
me.cx.vy.ct.ce.rg.sn.gy.BasicSectionGeometryData	Successfully allocated the geometry buffer in 1ms
me.cx.vy.ct.ce.VoxyRenderSystem	Voxy render system created with 4294966272 geometry capacity, using pipeline 'NormalRenderPipeline' with renderer 'MDICSectionRenderer'
me.cx.vy.ct.ce.VoxyRenderSystem	[DIAG] renderOpaque first call: viewport=3440x1440 GL_VIEWPORT=3440x1440 boundFB=2 shadowActive=false pipeline=NormalRenderPipeline
me.cx.vy.ct.ce.rg.ul.UploadStream	VOXY_PERF upload_stream coherent=true buffer_bytes=67108864 used_bytes=3296 remaining_bytes=67105568 threshold_bytes=8388608 queued_frames=1 pending_copies=0 glfinish_stalls=0 backpressure_observations=0
me.cx.vy.ct.ce.rg.hl.AsyncNodeManager	VOXY_PERF async_node copy_batches=0 avg_copy_batch=0 max_copy_batch=0 copy_dispatch_batches=0 avg_copy_dispatched_per_tick=0 max_copy_dispatched_per_tick=0 pending_copy_remaining=0 pending_result_age_ticks=0 sync_wait_events=0 result_copy_entries=0 result_scatter_entries=0 request_inflight_deferred=0 request_rerun_executed=0 copy_budget_per_tick=256 chunked_copy_enabled=true sync_wait_threshold_copies=320 warn_threshold_copies=500
me.cx.vy.ct.ce.rg.ul.UploadStream	VOXY_PERF upload_stream coherent=true buffer_bytes=67108864 used_bytes=6848 remaining_bytes=67102016 threshold_bytes=8388608 queued_frames=1 pending_copies=0 glfinish_stalls=0 backpressure_observations=0
me.cx.vy.cn.wd.WorldSection	VOXY_PERF world_section_cache pool_size=0 allocations=1079 hits=0 misses=1079 offers=0 rejects=0 hit_pct=0.00
me.cx.vy.ct.ce.rg.bg.RenderDataFactory	Missing model summary: 1 misses in last 5s (1 unique IDs total, fallback model 1)
me.cx.vy.ct.ce.rg.hl.AsyncNodeManager	VOXY_PERF async_node copy_batches=15 avg_copy_batch=3 max_copy_batch=15 copy_dispatch_batches=15 avg_copy_dispatched_per_tick=3 max_copy_dispatched_per_tick=15 pending_copy_remaining=0 pending_result_age_ticks=0 sync_wait_events=0 result_copy_entries=6 result_scatter_entries=18 request_inflight_deferred=0 request_rerun_executed=0 copy_budget_per_tick=256 chunked_copy_enabled=true sync_wait_threshold_copies=320 warn_threshold_copies=500
me.cx.vy.ct.ce.rg.bg.RenderDataFactory	Missing model summary: 34 misses in last 5s (35 unique IDs total, fallback model 1)
me.cx.vy.ct.ce.rg.ul.UploadStream	VOXY_PERF upload_stream coherent=true buffer_bytes=67108864 used_bytes=57264 remaining_bytes=67051600 threshold_bytes=8388608 queued_frames=1 pending_copies=0 glfinish_stalls=0 backpressure_observations=0
me.cx.vy.ct.ce.rg.hl.NodeManager	Inflight request summary: deferred=1 suppressed=0 pending_reruns=1
me.cx.vy.ct.ce.rg.hl.AsyncNodeManager$ComputeMemoryCopy	Resizing scratch data buffer to: 2097152
me.cx.vy.ct.ce.rg.bg.RenderDataFactory	Missing model summary: 90 misses in last 5s (125 unique IDs total, fallback model 1)
me.cx.vy.ct.ce.rg.hl.AsyncNodeManager$ComputeMemoryCopy	Resizing scratch data buffer to: 4194304
me.cx.vy.ct.ce.rg.hl.AsyncNodeManager$SyncResults	Expanding scatter update buffer to 24720
me.cx.vy.ct.ce.rg.hl.AsyncNodeManager	VOXY_PERF async_node copy_batches=184 avg_copy_batch=17 max_copy_batch=239 copy_dispatch_batches=184 avg_copy_dispatched_per_tick=17 max_copy_dispatched_per_tick=239 pending_copy_remaining=0 pending_result_age_ticks=0 sync_wait_events=5 result_copy_entries=1 result_scatter_entries=3 request_inflight_deferred=5 request_rerun_executed=1 copy_budget_per_tick=256 chunked_copy_enabled=true sync_wait_threshold_copies=320 warn_threshold_copies=500
me.cx.vy.cn.wd.WorldSection	VOXY_PERF world_section_cache pool_size=18 allocations=6187 hits=4119 misses=2068 offers=4137 rejects=0 hit_pct=66.57
me.cx.vy.ct.ce.rg.hl.AsyncNodeManager$ComputeMemoryCopy	Resizing scratch data buffer to: 8388608
me.cx.vy.ct.ce.rg.bg.RenderDataFactory	Missing model summary: 132 misses in last 5s (257 unique IDs total, fallback model 1)
me.cx.vy.ct.ce.rg.hl.AsyncNodeManager$ComputeMemoryCopy	Resizing scratch data buffer to: 16777216
me.cx.vy.ct.ce.rg.ul.UploadStream	VOXY_PERF upload_stream coherent=true buffer_bytes=67108864 used_bytes=29104 remaining_bytes=67079760 threshold_bytes=8388608 queued_frames=1 pending_copies=0 glfinish_stalls=0 backpressure_observations=0
me.cx.vy.ct.ce.rg.hl.AsyncNodeManager$ComputeMemoryCopy	Resizing scratch data buffer to: 2097152
me.cx.vy.ct.ce.rg.hl.AsyncNodeManager$ComputeMemoryCopy	Resizing scratch data buffer to: 4194304
me.cx.vy.ct.ce.rg.hl.AsyncNodeManager$ComputeMemoryCopy	Resizing scratch data buffer to: 8388608
me.cx.vy.ct.ce.rg.hl.AsyncNodeManager	VOXY_PERF async_node copy_batches=460 avg_copy_batch=37 max_copy_batch=321 copy_dispatch_batches=462 avg_copy_dispatched_per_tick=37 max_copy_dispatched_per_tick=256 pending_copy_remaining=0 pending_result_age_ticks=0 sync_wait_events=40 result_copy_entries=5 result_scatter_entries=10 request_inflight_deferred=5 request_rerun_executed=5 copy_budget_per_tick=256 chunked_copy_enabled=true sync_wait_threshold_copies=320 warn_threshold_copies=500
me.cx.vy.ct.ce.rg.bg.RenderDataFactory	Missing model summary: 118 misses in last 5s (374 unique IDs total, fallback model 1)
me.cx.vy.ct.ce.rg.ul.UploadStream	VOXY_PERF upload_stream coherent=true buffer_bytes=67108864 used_bytes=6560 remaining_bytes=67102304 threshold_bytes=8388608 queued_frames=1 pending_copies=0 glfinish_stalls=0 backpressure_observations=0
me.cx.vy.ct.ce.rg.hl.AsyncNodeManager	VOXY_PERF async_node copy_batches=482 avg_copy_batch=36 max_copy_batch=321 copy_dispatch_batches=484 avg_copy_dispatched_per_tick=36 max_copy_dispatched_per_tick=256 pending_copy_remaining=0 pending_result_age_ticks=0 sync_wait_events=40 result_copy_entries=5 result_scatter_entries=10 request_inflight_deferred=5 request_rerun_executed=5 copy_budget_per_tick=256 chunked_copy_enabled=true sync_wait_threshold_copies=320 warn_threshold_copies=500
me.cx.vy.ct.ce.rg.bg.RenderDataFactory	Missing model summary: 1 misses in last 5s (374 unique IDs total, fallback model 1)
me.cx.vy.ct.ce.rg.ul.UploadStream	VOXY_PERF upload_stream coherent=true buffer_bytes=67108864 used_bytes=6560 remaining_bytes=67102304 threshold_bytes=8388608 queued_frames=1 pending_copies=0 glfinish_stalls=0 backpressure_observations=0
me.cx.vy.ct.ce.rg.hl.AsyncNodeManager	VOXY_PERF async_node copy_batches=504 avg_copy_batch=34 max_copy_batch=321 copy_dispatch_batches=506 avg_copy_dispatched_per_tick=34 max_copy_dispatched_per_tick=256 pending_copy_remaining=0 pending_result_age_ticks=0 sync_wait_events=40 result_copy_entries=5 result_scatter_entries=10 request_inflight_deferred=5 request_rerun_executed=5 copy_budget_per_tick=256 chunked_copy_enabled=true sync_wait_threshold_copies=320 warn_threshold_copies=500
me.cx.vy.ct.ce.rg.bg.RenderDataFactory	Missing model summary: 1 misses in last 5s (374 unique IDs total, fallback model 1)
me.cx.vy.ct.ce.rg.ul.UploadStream	VOXY_PERF upload_stream coherent=true buffer_bytes=67108864 used_bytes=9840 remaining_bytes=67099024 threshold_bytes=8388608 queued_frames=2 pending_copies=0 glfinish_stalls=0 backpressure_observations=0
me.cx.vy.ct.ce.rg.hl.AsyncNodeManager	VOXY_PERF async_node copy_batches=526 avg_copy_batch=33 max_copy_batch=321 copy_dispatch_batches=528 avg_copy_dispatched_per_tick=33 max_copy_dispatched_per_tick=256 pending_copy_remaining=0 pending_result_age_ticks=0 sync_wait_events=40 result_copy_entries=5 result_scatter_entries=10 request_inflight_deferred=5 request_rerun_executed=5 copy_budget_per_tick=256 chunked_copy_enabled=true sync_wait_threshold_copies=320 warn_threshold_copies=500
me.cx.vy.ct.ce.rg.bg.RenderDataFactory	Missing model summary: 1 misses in last 5s (374 unique IDs total, fallback model 1)
me.cx.vy.ct.ce.rg.ul.UploadStream	VOXY_PERF upload_stream coherent=true buffer_bytes=67108864 used_bytes=6560 remaining_bytes=67102304 threshold_bytes=8388608 queued_frames=2 pending_copies=0 glfinish_stalls=0 backpressure_observations=0
me.cx.vy.ct.ce.rg.hl.AsyncNodeManager	VOXY_PERF async_node copy_batches=549 avg_copy_batch=32 max_copy_batch=321 copy_dispatch_batches=551 avg_copy_dispatched_per_tick=32 max_copy_dispatched_per_tick=256 pending_copy_remaining=0 pending_result_age_ticks=0 sync_wait_events=40 result_copy_entries=5 result_scatter_entries=10 request_inflight_deferred=5 request_rerun_executed=5 copy_budget_per_tick=256 chunked_copy_enabled=true sync_wait_threshold_copies=320 warn_threshold_copies=500
me.cx.vy.ct.ce.rg.bg.RenderDataFactory	Missing model summary: 1 misses in last 5s (374 unique IDs total, fallback model 1)
me.cx.vy.ct.ce.rg.ul.UploadStream	VOXY_PERF upload_stream coherent=true buffer_bytes=67108864 used_bytes=6560 remaining_bytes=67102304 threshold_bytes=8388608 queued_frames=1 pending_copies=0 glfinish_stalls=0 backpressure_observations=0
me.cx.vy.ct.ce.rg.hl.AsyncNodeManager	VOXY_PERF async_node copy_batches=572 avg_copy_batch=31 max_copy_batch=321 copy_dispatch_batches=574 avg_copy_dispatched_per_tick=31 max_copy_dispatched_per_tick=256 pending_copy_remaining=0 pending_result_age_ticks=0 sync_wait_events=40 result_copy_entries=5 result_scatter_entries=10 request_inflight_deferred=5 request_rerun_executed=5 copy_budget_per_tick=256 chunked_copy_enabled=true sync_wait_threshold_copies=320 warn_threshold_copies=500
me.cx.vy.ct.ce.rg.bg.RenderDataFactory	Missing model summary: 1 misses in last 5s (374 unique IDs total, fallback model 1)
me.cx.vy.ct.ce.rg.ul.UploadStream	VOXY_PERF upload_stream coherent=true buffer_bytes=67108864 used_bytes=3280 remaining_bytes=67105584 threshold_bytes=8388608 queued_frames=1 pending_copies=0 glfinish_stalls=0 backpressure_observations=0
me.cx.vy.ct.ce.rg.hl.AsyncNodeManager	VOXY_PERF async_node copy_batches=595 avg_copy_batch=30 max_copy_batch=321 copy_dispatch_batches=597 avg_copy_dispatched_per_tick=30 max_copy_dispatched_per_tick=256 pending_copy_remaining=0 pending_result_age_ticks=0 sync_wait_events=40 result_copy_entries=5 result_scatter_entries=10 request_inflight_deferred=5 request_rerun_executed=5 copy_budget_per_tick=256 chunked_copy_enabled=true sync_wait_threshold_copies=320 warn_threshold_copies=500
me.cx.vy.ct.ce.rg.bg.RenderDataFactory	Missing model summary: 1 misses in last 5s (374 unique IDs total, fallback model 1)
me.cx.vy.ct.ce.rg.ul.UploadStream	VOXY_PERF upload_stream coherent=true buffer_bytes=67108864 used_bytes=6688 remaining_bytes=67102176 threshold_bytes=8388608 queued_frames=2 pending_copies=0 glfinish_stalls=0 backpressure_observations=0
me.cx.vy.cn.wd.WorldSection	VOXY_PERF world_section_cache pool_size=20 allocations=34418 hits=32348 misses=2070 offers=32369 rejects=0 hit_pct=93.98
me.cx.vy.ct.ce.rg.hl.NodeManager	Inflight request summary: deferred=5 suppressed=0 pending_reruns=1
me.cx.vy.ct.ce.rg.hl.AsyncNodeManager$ComputeMemoryCopy	Resizing scratch data buffer to: 16777216
me.cx.vy.ct.ce.rg.hl.AsyncNodeManager$SyncResults	Expanding scatter update buffer to 24800
me.cx.vy.ct.ce.rg.bg.RenderDataFactory	Missing model summary: 54 misses in last 5s (428 unique IDs total, fallback model 1)
me.cx.vy.ct.ce.rg.hl.AsyncNodeManager	VOXY_PERF async_node copy_batches=749 avg_copy_batch=42 max_copy_batch=348 copy_dispatch_batches=758 avg_copy_dispatched_per_tick=42 max_copy_dispatched_per_tick=256 pending_copy_remaining=0 pending_result_age_ticks=0 sync_wait_events=80 result_copy_entries=186 result_scatter_entries=556 request_inflight_deferred=12 request_rerun_executed=10 copy_budget_per_tick=256 chunked_copy_enabled=true sync_wait_threshold_copies=320 warn_threshold_copies=500
me.cx.vy.ct.ce.rg.bg.RenderDataFactory	Missing model summary: 58 misses in last 5s (486 unique IDs total, fallback model 1)
me.cx.vy.ct.ce.rg.ul.UploadStream	VOXY_PERF upload_stream coherent=true buffer_bytes=67108864 used_bytes=13505856 remaining_bytes=53603008 threshold_bytes=8388608 queued_frames=1 pending_copies=0 glfinish_stalls=0 backpressure_observations=0
me.cx.vy.ct.ce.rg.hl.AsyncNodeManager$SyncResults	Expanding scatter update buffer to 37200
me.cx.vy.ct.ce.rg.bg.RenderDataFactory	Missing model summary: 54 misses in last 5s (540 unique IDs total, fallback model 1)
me.cx.vy.cn.wd.WorldSection	VOXY_PERF world_section_cache pool_size=21 allocations=146625 hits=144555 misses=2070 offers=144576 rejects=0 hit_pct=98.58
me.cx.vy.ct.ce.rg.hl.AsyncNodeManager	VOXY_PERF async_node copy_batches=1005 avg_copy_batch=69 max_copy_batch=424 copy_dispatch_batches=1067 avg_copy_dispatched_per_tick=65 max_copy_dispatched_per_tick=256 pending_copy_remaining=0 pending_result_age_ticks=0 sync_wait_events=198 result_copy_entries=6 result_scatter_entries=21 request_inflight_deferred=12 request_rerun_executed=12 copy_budget_per_tick=256 chunked_copy_enabled=true sync_wait_threshold_copies=320 warn_threshold_copies=500
me.cx.vy.ct.ce.rg.ChunkBoundRenderer	Resizing chunk position buffer to: 6144
me.cx.vy.ct.ce.rg.bg.RenderDataFactory	Missing model summary: 28 misses in last 5s (567 unique IDs total, fallback model 1)
me.cx.vy.ct.ce.rg.ul.UploadStream	VOXY_PERF upload_stream coherent=true buffer_bytes=67108864 used_bytes=9504 remaining_bytes=67099360 threshold_bytes=8388608 queued_frames=1 pending_copies=0 glfinish_stalls=0 backpressure_observations=0
me.cx.vy.ct.ce.rg.hl.AsyncNodeManager	VOXY_PERF async_node copy_batches=1123 avg_copy_batch=73 max_copy_batch=424 copy_dispatch_batches=1205 avg_copy_dispatched_per_tick=68 max_copy_dispatched_per_tick=256 pending_copy_remaining=0 pending_result_age_ticks=0 sync_wait_events=241 result_copy_entries=8 result_scatter_entries=16 request_inflight_deferred=12 request_rerun_executed=12 copy_budget_per_tick=256 chunked_copy_enabled=true sync_wait_threshold_copies=320 warn_threshold_copies=500
me.cx.vy.ct.ce.rg.ul.UploadStream	VOXY_PERF upload_stream coherent=true buffer_bytes=67108864 used_bytes=6560 remaining_bytes=67102304 threshold_bytes=8388608 queued_frames=1 pending_copies=0 glfinish_stalls=0 backpressure_observations=0
me.cx.vy.ct.ce.rg.hl.AsyncNodeManager	VOXY_PERF async_node copy_batches=1146 avg_copy_batch=71 max_copy_batch=424 copy_dispatch_batches=1228 avg_copy_dispatched_per_tick=67 max_copy_dispatched_per_tick=256 pending_copy_remaining=0 pending_result_age_ticks=0 sync_wait_events=241 result_copy_entries=8 result_scatter_entries=16 request_inflight_deferred=12 request_rerun_executed=12 copy_budget_per_tick=256 chunked_copy_enabled=true sync_wait_threshold_copies=320 warn_threshold_copies=500
me.cx.vy.ct.ce.rg.ul.UploadStream	VOXY_PERF upload_stream coherent=true buffer_bytes=67108864 used_bytes=6560 remaining_bytes=67102304 threshold_bytes=8388608 queued_frames=1 pending_copies=0 glfinish_stalls=0 backpressure_observations=0
me.cx.vy.cn.wd.WorldSection	VOXY_PERF world_section_cache pool_size=21 allocations=177981 hits=175911 misses=2070 offers=175932 rejects=0 hit_pct=98.83
me.cx.vy.ct.ce.rg.hl.AsyncNodeManager	VOXY_PERF async_node copy_batches=1168 avg_copy_batch=70 max_copy_batch=424 copy_dispatch_batches=1250 avg_copy_dispatched_per_tick=66 max_copy_dispatched_per_tick=256 pending_copy_remaining=0 pending_result_age_ticks=0 sync_wait_events=241 result_copy_entries=8 result_scatter_entries=16 request_inflight_deferred=12 request_rerun_executed=12 copy_budget_per_tick=256 chunked_copy_enabled=true sync_wait_threshold_copies=320 warn_threshold_copies=500
me.cx.vy.ct.ce.rg.ul.UploadStream	VOXY_PERF upload_stream coherent=true buffer_bytes=67108864 used_bytes=6560 remaining_bytes=67102304 threshold_bytes=8388608 queued_frames=1 pending_copies=0 glfinish_stalls=0 backpressure_observations=0
me.cx.vy.ct.ce.rg.hl.AsyncNodeManager	VOXY_PERF async_node copy_batches=1193 avg_copy_batch=69 max_copy_batch=424 copy_dispatch_batches=1275 avg_copy_dispatched_per_tick=64 max_copy_dispatched_per_tick=256 pending_copy_remaining=0 pending_result_age_ticks=0 sync_wait_events=241 result_copy_entries=8 result_scatter_entries=16 request_inflight_deferred=12 request_rerun_executed=12 copy_budget_per_tick=256 chunked_copy_enabled=true sync_wait_threshold_copies=320 warn_threshold_copies=500
me.cx.vy.ct.ce.rg.ul.UploadStream	VOXY_PERF upload_stream coherent=true buffer_bytes=67108864 used_bytes=6560 remaining_bytes=67102304 threshold_bytes=8388608 queued_frames=1 pending_copies=0 glfinish_stalls=0 backpressure_observations=0
me.cx.vy.ct.ce.rg.hl.AsyncNodeManager	VOXY_PERF async_node copy_batches=1215 avg_copy_batch=68 max_copy_batch=424 copy_dispatch_batches=1297 avg_copy_dispatched_per_tick=63 max_copy_dispatched_per_tick=256 pending_copy_remaining=0 pending_result_age_ticks=0 sync_wait_events=241 result_copy_entries=8 result_scatter_entries=16 request_inflight_deferred=12 request_rerun_executed=12 copy_budget_per_tick=256 chunked_copy_enabled=true sync_wait_threshold_copies=320 warn_threshold_copies=500
me.cx.vy.ct.ce.rg.ul.UploadStream	VOXY_PERF upload_stream coherent=true buffer_bytes=67108864 used_bytes=3280 remaining_bytes=67105584 threshold_bytes=8388608 queued_frames=1 pending_copies=0 glfinish_stalls=0 backpressure_observations=0
me.cx.vy.ct.ce.rg.hl.AsyncNodeManager	VOXY_PERF async_node copy_batches=1239 avg_copy_batch=67 max_copy_batch=424 copy_dispatch_batches=1321 avg_copy_dispatched_per_tick=62 max_copy_dispatched_per_tick=256 pending_copy_remaining=0 pending_result_age_ticks=0 sync_wait_events=241 result_copy_entries=8 result_scatter_entries=16 request_inflight_deferred=12 request_rerun_executed=12 copy_budget_per_tick=256 chunked_copy_enabled=true sync_wait_threshold_copies=320 warn_threshold_copies=500
me.cx.vy.ct.ce.rg.ul.UploadStream	VOXY_PERF upload_stream coherent=true buffer_bytes=67108864 used_bytes=3280 remaining_bytes=67105584 threshold_bytes=8388608 queued_frames=1 pending_copies=0 glfinish_stalls=0 backpressure_observations=0
me.cx.vy.ct.ce.rg.hl.AsyncNodeManager	VOXY_PERF async_node copy_batches=1263 avg_copy_batch=66 max_copy_batch=424 copy_dispatch_batches=1345 avg_copy_dispatched_per_tick=61 max_copy_dispatched_per_tick=256 pending_copy_remaining=0 pending_result_age_ticks=0 sync_wait_events=241 result_copy_entries=8 result_scatter_entries=16 request_inflight_deferred=12 request_rerun_executed=12 copy_budget_per_tick=256 chunked_copy_enabled=true sync_wait_threshold_copies=320 warn_threshold_copies=500
me.cx.vy.ct.ce.rg.ul.UploadStream	VOXY_PERF upload_stream coherent=true buffer_bytes=67108864 used_bytes=5456 remaining_bytes=67103408 threshold_bytes=8388608 queued_frames=1 pending_copies=0 glfinish_stalls=0 backpressure_observations=0
me.cx.vy.ct.ce.rg.hl.AsyncNodeManager	VOXY_PERF async_node copy_batches=1285 avg_copy_batch=65 max_copy_batch=424 copy_dispatch_batches=1367 avg_copy_dispatched_per_tick=61 max_copy_dispatched_per_tick=256 pending_copy_remaining=0 pending_result_age_ticks=0 sync_wait_events=241 result_copy_entries=8 result_scatter_entries=16 request_inflight_deferred=12 request_rerun_executed=12 copy_budget_per_tick=256 chunked_copy_enabled=true sync_wait_threshold_copies=320 warn_threshold_copies=500
me.cx.vy.ct.ce.rg.ul.UploadStream	VOXY_PERF upload_stream coherent=true buffer_bytes=67108864 used_bytes=6560 remaining_bytes=67102304 threshold_bytes=8388608 queued_frames=1 pending_copies=0 glfinish_stalls=0 backpressure_observations=0
me.cx.vy.ct.ce.rg.hl.AsyncNodeManager	VOXY_PERF async_node copy_batches=1307 avg_copy_batch=64 max_copy_batch=424 copy_dispatch_batches=1389 avg_copy_dispatched_per_tick=60 max_copy_dispatched_per_tick=256 pending_copy_remaining=0 pending_result_age_ticks=0 sync_wait_events=241 result_copy_entries=8 result_scatter_entries=16 request_inflight_deferred=12 request_rerun_executed=12 copy_budget_per_tick=256 chunked_copy_enabled=true sync_wait_threshold_copies=320 warn_threshold_copies=500
me.cx.vy.ct.ce.rg.ul.UploadStream	VOXY_PERF upload_stream coherent=true buffer_bytes=67108864 used_bytes=5536 remaining_bytes=67103328 threshold_bytes=8388608 queued_frames=1 pending_copies=0 glfinish_stalls=0 backpressure_observations=0
me.cx.vy.ct.ce.rg.hl.AsyncNodeManager	VOXY_PERF async_node copy_batches=1330 avg_copy_batch=63 max_copy_batch=424 copy_dispatch_batches=1412 avg_copy_dispatched_per_tick=59 max_copy_dispatched_per_tick=256 pending_copy_remaining=0 pending_result_age_ticks=0 sync_wait_events=241 result_copy_entries=8 result_scatter_entries=16 request_inflight_deferred=12 request_rerun_executed=12 copy_budget_per_tick=256 chunked_copy_enabled=true sync_wait_threshold_copies=320 warn_threshold_copies=500
me.cx.vy.ct.ce.rg.ul.UploadStream	VOXY_PERF upload_stream coherent=true buffer_bytes=67108864 used_bytes=3280 remaining_bytes=67105584 threshold_bytes=8388608 queued_frames=1 pending_copies=0 glfinish_stalls=0 backpressure_observations=0
me.cx.vy.ct.ce.rg.hl.AsyncNodeManager	VOXY_PERF async_node copy_batches=1355 avg_copy_batch=62 max_copy_batch=424 copy_dispatch_batches=1437 avg_copy_dispatched_per_tick=58 max_copy_dispatched_per_tick=256 pending_copy_remaining=0 pending_result_age_ticks=0 sync_wait_events=241 result_copy_entries=8 result_scatter_entries=16 request_inflight_deferred=12 request_rerun_executed=12 copy_budget_per_tick=256 chunked_copy_enabled=true sync_wait_threshold_copies=320 warn_threshold_copies=500
me.cx.vy.ct.ce.rg.ul.UploadStream	VOXY_PERF upload_stream coherent=true buffer_bytes=67108864 used_bytes=3280 remaining_bytes=67105584 threshold_bytes=8388608 queued_frames=1 pending_copies=0 glfinish_stalls=0 backpressure_observations=0
me.cx.vy.ct.ce.rg.hl.AsyncNodeManager	VOXY_PERF async_node copy_batches=1379 avg_copy_batch=61 max_copy_batch=424 copy_dispatch_batches=1461 avg_copy_dispatched_per_tick=57 max_copy_dispatched_per_tick=256 pending_copy_remaining=0 pending_result_age_ticks=0 sync_wait_events=241 result_copy_entries=8 result_scatter_entries=16 request_inflight_deferred=12 request_rerun_executed=12 copy_budget_per_tick=256 chunked_copy_enabled=true sync_wait_threshold_copies=320 warn_threshold_copies=500
me.cx.vy.ct.ce.rg.ul.UploadStream	VOXY_PERF upload_stream coherent=true buffer_bytes=67108864 used_bytes=3280 remaining_bytes=67105584 threshold_bytes=8388608 queued_frames=1 pending_copies=0 glfinish_stalls=0 backpressure_observations=0
me.cx.vy.ct.ce.rg.hl.AsyncNodeManager	VOXY_PERF async_node copy_batches=1402 avg_copy_batch=60 max_copy_batch=424 copy_dispatch_batches=1484 avg_copy_dispatched_per_tick=56 max_copy_dispatched_per_tick=256 pending_copy_remaining=0 pending_result_age_ticks=0 sync_wait_events=241 result_copy_entries=8 result_scatter_entries=16 request_inflight_deferred=12 request_rerun_executed=12 copy_budget_per_tick=256 chunked_copy_enabled=true sync_wait_threshold_copies=320 warn_threshold_copies=500
me.cx.vy.ct.ce.rg.ul.UploadStream	VOXY_PERF upload_stream coherent=true buffer_bytes=67108864 used_bytes=9840 remaining_bytes=67099024 threshold_bytes=8388608 queued_frames=2 pending_copies=0 glfinish_stalls=0 backpressure_observations=0
me.cx.vy.cn.wd.WorldSection	VOXY_PERF world_section_cache pool_size=21 allocations=178029 hits=175959 misses=2070 offers=175980 rejects=0 hit_pct=98.83
me.cx.vy.ct.ce.rg.hl.AsyncNodeManager	VOXY_PERF async_node copy_batches=1425 avg_copy_batch=59 max_copy_batch=424 copy_dispatch_batches=1507 avg_copy_dispatched_per_tick=56 max_copy_dispatched_per_tick=256 pending_copy_remaining=0 pending_result_age_ticks=0 sync_wait_events=241 result_copy_entries=8 result_scatter_entries=16 request_inflight_deferred=12 request_rerun_executed=12 copy_budget_per_tick=256 chunked_copy_enabled=true sync_wait_threshold_copies=320 warn_threshold_copies=500
me.cx.vy.ct.ce.rg.ul.UploadStream	VOXY_PERF upload_stream coherent=true buffer_bytes=67108864 used_bytes=6560 remaining_bytes=67102304 threshold_bytes=8388608 queued_frames=1 pending_copies=0 glfinish_stalls=0 backpressure_observations=0
me.cx.vy.ct.ce.rg.ul.UploadStream	VOXY_PERF upload_stream coherent=true buffer_bytes=67108864 used_bytes=6560 remaining_bytes=67102304 threshold_bytes=8388608 queued_frames=1 pending_copies=0 glfinish_stalls=0 backpressure_observations=0
me.cx.vy.ct.ce.rg.hl.AsyncNodeManager	VOXY_PERF async_node copy_batches=1448 avg_copy_batch=58 max_copy_batch=424 copy_dispatch_batches=1530 avg_copy_dispatched_per_tick=55 max_copy_dispatched_per_tick=256 pending_copy_remaining=0 pending_result_age_ticks=0 sync_wait_events=241 result_copy_entries=8 result_scatter_entries=16 request_inflight_deferred=12 request_rerun_executed=12 copy_budget_per_tick=256 chunked_copy_enabled=true sync_wait_threshold_copies=320 warn_threshold_copies=500
me.cx.vy.ct.ce.rg.ul.UploadStream	VOXY_PERF upload_stream coherent=true buffer_bytes=67108864 used_bytes=3280 remaining_bytes=67105584 threshold_bytes=8388608 queued_frames=1 pending_copies=0 glfinish_stalls=0 backpressure_observations=0
me.cx.vy.ct.ce.rg.hl.AsyncNodeManager	VOXY_PERF async_node copy_batches=1470 avg_copy_batch=57 max_copy_batch=424 copy_dispatch_batches=1552 avg_copy_dispatched_per_tick=54 max_copy_dispatched_per_tick=256 pending_copy_remaining=0 pending_result_age_ticks=0 sync_wait_events=241 result_copy_entries=8 result_scatter_entries=16 request_inflight_deferred=12 request_rerun_executed=12 copy_budget_per_tick=256 chunked_copy_enabled=true sync_wait_threshold_copies=320 warn_threshold_copies=500
me.cx.vy.ct.ce.rg.ul.UploadStream	VOXY_PERF upload_stream coherent=true buffer_bytes=67108864 used_bytes=6560 remaining_bytes=67102304 threshold_bytes=8388608 queued_frames=1 pending_copies=0 glfinish_stalls=0 backpressure_observations=0
me.cx.vy.ct.ce.rg.hl.AsyncNodeManager	VOXY_PERF async_node copy_batches=1493 avg_copy_batch=57 max_copy_batch=424 copy_dispatch_batches=1575 avg_copy_dispatched_per_tick=54 max_copy_dispatched_per_tick=256 pending_copy_remaining=0 pending_result_age_ticks=0 sync_wait_events=241 result_copy_entries=8 result_scatter_entries=16 request_inflight_deferred=12 request_rerun_executed=12 copy_budget_per_tick=256 chunked_copy_enabled=true sync_wait_threshold_copies=320 warn_threshold_copies=500
me.cx.vy.ct.ce.rg.ul.UploadStream	VOXY_PERF upload_stream coherent=true buffer_bytes=67108864 used_bytes=6560 remaining_bytes=67102304 threshold_bytes=8388608 queued_frames=1 pending_copies=0 glfinish_stalls=0 backpressure_observations=0
me.cx.vy.ct.ce.rg.hl.AsyncNodeManager	VOXY_PERF async_node copy_batches=1514 avg_copy_batch=56 max_copy_batch=424 copy_dispatch_batches=1596 avg_copy_dispatched_per_tick=53 max_copy_dispatched_per_tick=256 pending_copy_remaining=0 pending_result_age_ticks=0 sync_wait_events=241 result_copy_entries=8 result_scatter_entries=16 request_inflight_deferred=12 request_rerun_executed=12 copy_budget_per_tick=256 chunked_copy_enabled=true sync_wait_threshold_copies=320 warn_threshold_copies=500
me.cx.vy.ct.ce.rg.ul.UploadStream	VOXY_PERF upload_stream coherent=true buffer_bytes=67108864 used_bytes=6560 remaining_bytes=67102304 threshold_bytes=8388608 queued_frames=1 pending_copies=0 glfinish_stalls=0 backpressure_observations=0
me.cx.vy.ct.ce.rg.hl.AsyncNodeManager	VOXY_PERF async_node copy_batches=1536 avg_copy_batch=55 max_copy_batch=424 copy_dispatch_batches=1618 avg_copy_dispatched_per_tick=52 max_copy_dispatched_per_tick=256 pending_copy_remaining=0 pending_result_age_ticks=0 sync_wait_events=241 result_copy_entries=8 result_scatter_entries=16 request_inflight_deferred=12 request_rerun_executed=12 copy_budget_per_tick=256 chunked_copy_enabled=true sync_wait_threshold_copies=320 warn_threshold_copies=500
me.cx.vy.ct.ce.rg.ul.UploadStream	VOXY_PERF upload_stream coherent=true buffer_bytes=67108864 used_bytes=6560 remaining_bytes=67102304 threshold_bytes=8388608 queued_frames=1 pending_copies=0 glfinish_stalls=0 backpressure_observations=0
me.cx.vy.ct.ce.rg.hl.AsyncNodeManager	VOXY_PERF async_node copy_batches=1558 avg_copy_batch=55 max_copy_batch=424 copy_dispatch_batches=1640 avg_copy_dispatched_per_tick=52 max_copy_dispatched_per_tick=256 pending_copy_remaining=0 pending_result_age_ticks=0 sync_wait_events=241 result_copy_entries=8 result_scatter_entries=16 request_inflight_deferred=12 request_rerun_executed=12 copy_budget_per_tick=256 chunked_copy_enabled=true sync_wait_threshold_copies=320 warn_threshold_copies=500
me.cx.vy.ct.ce.rg.ul.UploadStream	VOXY_PERF upload_stream coherent=true buffer_bytes=67108864 used_bytes=5456 remaining_bytes=67103408 threshold_bytes=8388608 queued_frames=1 pending_copies=0 glfinish_stalls=0 backpressure_observations=0
me.cx.vy.ct.ce.rg.hl.AsyncNodeManager	VOXY_PERF async_node copy_batches=1580 avg_copy_batch=54 max_copy_batch=424 copy_dispatch_batches=1662 avg_copy_dispatched_per_tick=51 max_copy_dispatched_per_tick=256 pending_copy_remaining=0 pending_result_age_ticks=0 sync_wait_events=241 result_copy_entries=9 result_scatter_entries=18 request_inflight_deferred=12 request_rerun_executed=12 copy_budget_per_tick=256 chunked_copy_enabled=true sync_wait_threshold_copies=320 warn_threshold_copies=500
me.cx.vy.ct.ce.rg.ul.UploadStream	VOXY_PERF upload_stream coherent=true buffer_bytes=67108864 used_bytes=3280 remaining_bytes=67105584 threshold_bytes=8388608 queued_frames=1 pending_copies=0 glfinish_stalls=0 backpressure_observations=0
me.cx.vy.ct.ce.rg.hl.AsyncNodeManager	VOXY_PERF async_node copy_batches=1603 avg_copy_batch=53 max_copy_batch=424 copy_dispatch_batches=1685 avg_copy_dispatched_per_tick=51 max_copy_dispatched_per_tick=256 pending_copy_remaining=0 pending_result_age_ticks=0 sync_wait_events=241 result_copy_entries=8 result_scatter_entries=16 request_inflight_deferred=12 request_rerun_executed=12 copy_budget_per_tick=256 chunked_copy_enabled=true sync_wait_threshold_copies=320 warn_threshold_copies=500
me.cx.vy.ct.ce.rg.ul.UploadStream	VOXY_PERF upload_stream coherent=true buffer_bytes=67108864 used_bytes=6560 remaining_bytes=67102304 threshold_bytes=8388608 queued_frames=1 pending_copies=0 glfinish_stalls=0 backpressure_observations=0
me.cx.vy.ct.ce.rg.hl.AsyncNodeManager	VOXY_PERF async_node copy_batches=1626 avg_copy_batch=53 max_copy_batch=424 copy_dispatch_batches=1708 avg_copy_dispatched_per_tick=50 max_copy_dispatched_per_tick=256 pending_copy_remaining=0 pending_result_age_ticks=0 sync_wait_events=241 result_copy_entries=9 result_scatter_entries=18 request_inflight_deferred=12 request_rerun_executed=12 copy_budget_per_tick=256 chunked_copy_enabled=true sync_wait_threshold_copies=320 warn_threshold_copies=500
me.cx.vy.ct.ce.rg.ul.UploadStream	VOXY_PERF upload_stream coherent=true buffer_bytes=67108864 used_bytes=6560 remaining_bytes=67102304 threshold_bytes=8388608 queued_frames=1 pending_copies=0 glfinish_stalls=0 backpressure_observations=0
me.cx.vy.ct.ce.rg.hl.AsyncNodeManager	VOXY_PERF async_node copy_batches=1648 avg_copy_batch=52 max_copy_batch=424 copy_dispatch_batches=1730 avg_copy_dispatched_per_tick=49 max_copy_dispatched_per_tick=256 pending_copy_remaining=0 pending_result_age_ticks=0 sync_wait_events=241 result_copy_entries=8 result_scatter_entries=16 request_inflight_deferred=12 request_rerun_executed=12 copy_budget_per_tick=256 chunked_copy_enabled=true sync_wait_threshold_copies=320 warn_threshold_copies=500
me.cx.vy.cn.wd.WorldSection	VOXY_PERF world_section_cache pool_size=19 allocations=178035 hits=175965 misses=2070 offers=175985 rejects=0 hit_pct=98.83
me.cx.vy.ct.ce.rg.bg.RenderDataFactory	Missing model summary: 24 misses in last 5s (591 unique IDs total, fallback model 1)
me.cx.vy.ct.ce.rg.ul.UploadStream	VOXY_PERF upload_stream coherent=true buffer_bytes=67108864 used_bytes=9840 remaining_bytes=67099024 threshold_bytes=8388608 queued_frames=2 pending_copies=0 glfinish_stalls=0 backpressure_observations=0
me.cx.vy.ct.ce.rg.hl.AsyncNodeManager	VOXY_PERF async_node copy_batches=1686 avg_copy_batch=52 max_copy_batch=424 copy_dispatch_batches=1771 avg_copy_dispatched_per_tick=50 max_copy_dispatched_per_tick=256 pending_copy_remaining=0 pending_result_age_ticks=0 sync_wait_events=248 result_copy_entries=8 result_scatter_entries=16 request_inflight_deferred=12 request_rerun_executed=12 copy_budget_per_tick=256 chunked_copy_enabled=true sync_wait_threshold_copies=320 warn_threshold_copies=500
me.cx.vy.ct.ce.rg.ul.UploadStream	VOXY_PERF upload_stream coherent=true buffer_bytes=67108864 used_bytes=5536 remaining_bytes=67103328 threshold_bytes=8388608 queued_frames=1 pending_copies=0 glfinish_stalls=0 backpressure_observations=0
me.cx.vy.ct.ce.rg.hl.AsyncNodeManager	VOXY_PERF async_node copy_batches=1709 avg_copy_batch=52 max_copy_batch=424 copy_dispatch_batches=1794 avg_copy_dispatched_per_tick=49 max_copy_dispatched_per_tick=256 pending_copy_remaining=0 pending_result_age_ticks=0 sync_wait_events=248 result_copy_entries=8 result_scatter_entries=16 request_inflight_deferred=12 request_rerun_executed=12 copy_budget_per_tick=256 chunked_copy_enabled=true sync_wait_threshold_copies=320 warn_threshold_copies=500
me.cx.vy.cn.wd.WorldSection	VOXY_PERF world_section_cache pool_size=21 allocations=182277 hits=180207 misses=2070 offers=180228 rejects=0 hit_pct=98.86
me.cx.vy.ct.ce.rg.ul.UploadStream	VOXY_PERF upload_stream coherent=true buffer_bytes=67108864 used_bytes=6560 remaining_bytes=67102304 threshold_bytes=8388608 queued_frames=1 pending_copies=0 glfinish_stalls=0 backpressure_observations=0
me.cx.vy.ct.ce.rg.bg.RenderDataFactory	Missing model summary: 3 misses in last 5s (594 unique IDs total, fallback model 1)
me.cx.vy.ct.ce.rg.hl.AsyncNodeManager$SyncResults	Expanding scatter update buffer to 37280
me.cx.vy.ct.ce.rg.hl.AsyncNodeManager	VOXY_PERF async_node copy_batches=1762 avg_copy_batch=56 max_copy_batch=474 copy_dispatch_batches=1881 avg_copy_dispatched_per_tick=53 max_copy_dispatched_per_tick=256 pending_copy_remaining=0 pending_result_age_ticks=1 sync_wait_events=283 result_copy_entries=298 result_scatter_entries=887 request_inflight_deferred=12 request_rerun_executed=12 copy_budget_per_tick=256 chunked_copy_enabled=true sync_wait_threshold_copies=320 warn_threshold_copies=500
me.cx.vy.ct.ce.rg.hl.AsyncNodeManager$SyncResults	Expanding scatter update buffer to 55920
me.cx.vy.ct.ce.rg.hl.AsyncNodeManager	Large amount of copies, lag will probably happen: 604
me.cx.vy.ct.ce.rg.bg.RenderDataFactory	Missing model summary: 72 misses in last 5s (665 unique IDs total, fallback model 1)
me.cx.vy.ct.ce.rg.ul.UploadStream	VOXY_PERF upload_stream coherent=true buffer_bytes=67108864 used_bytes=6560 remaining_bytes=67102304 threshold_bytes=8388608 queued_frames=1 pending_copies=0 glfinish_stalls=0 backpressure_observations=0
me.cx.vy.cn.wd.WorldSection	VOXY_PERF world_section_cache pool_size=21 allocations=284109 hits=282039 misses=2070 offers=282060 rejects=0 hit_pct=99.27
me.cx.vy.ct.ce.rg.ul.UploadStream	VOXY_PERF upload_stream coherent=true buffer_bytes=67108864 used_bytes=6560 remaining_bytes=67102304 threshold_bytes=8388608 queued_frames=1 pending_copies=0 glfinish_stalls=0 backpressure_observations=0
me.cx.vy.ct.ce.rg.ul.UploadStream	VOXY_PERF upload_stream coherent=true buffer_bytes=67108864 used_bytes=3280 remaining_bytes=67105584 threshold_bytes=8388608 queued_frames=1 pending_copies=0 glfinish_stalls=0 backpressure_observations=0
me.cx.vy.ct.ce.rg.ul.UploadStream	VOXY_PERF upload_stream coherent=true buffer_bytes=67108864 used_bytes=6560 remaining_bytes=67102304 threshold_bytes=8388608 queued_frames=1 pending_copies=0 glfinish_stalls=0 backpressure_observations=0
me.cx.vy.ct.ce.rg.ul.UploadStream	VOXY_PERF upload_stream coherent=true buffer_bytes=67108864 used_bytes=6560 remaining_bytes=67102304 threshold_bytes=8388608 queued_frames=1 pending_copies=0 glfinish_stalls=0 backpressure_observations=0
me.cx.vy.ct.ce.rg.ul.UploadStream	VOXY_PERF upload_stream coherent=true buffer_bytes=67108864 used_bytes=3280 remaining_bytes=67105584 threshold_bytes=8388608 queued_frames=1 pending_copies=0 glfinish_stalls=0 backpressure_observations=0
me.cx.vy.ct.ce.rg.ul.UploadStream	VOXY_PERF upload_stream coherent=true buffer_bytes=67108864 used_bytes=6560 remaining_bytes=67102304 threshold_bytes=8388608 queued_frames=2 pending_copies=0 glfinish_stalls=0 backpressure_observations=0
me.cx.vy.ct.ce.rg.ul.UploadStream	VOXY_PERF upload_stream coherent=true buffer_bytes=67108864 used_bytes=9840 remaining_bytes=67099024 threshold_bytes=8388608 queued_frames=2 pending_copies=0 glfinish_stalls=0 backpressure_observations=0
me.cx.vy.ct.ce.rg.ul.UploadStream	VOXY_PERF upload_stream coherent=true buffer_bytes=67108864 used_bytes=3280 remaining_bytes=67105584 threshold_bytes=8388608 queued_frames=1 pending_copies=0 glfinish_stalls=0 backpressure_observations=0
me.cx.vy.ct.ce.rg.ul.UploadStream	VOXY_PERF upload_stream coherent=true buffer_bytes=67108864 used_bytes=3280 remaining_bytes=67105584 threshold_bytes=8388608 queued_frames=1 pending_copies=0 glfinish_stalls=0 backpressure_observations=0
me.cx.vy.cn.wd.WorldSection	VOXY_PERF world_section_cache pool_size=21 allocations=284151 hits=282081 misses=2070 offers=282102 rejects=0 hit_pct=99.27
me.cx.vy.ct.ce.rg.ul.UploadStream	VOXY_PERF upload_stream coherent=true buffer_bytes=67108864 used_bytes=6560 remaining_bytes=67102304 threshold_bytes=8388608 queued_frames=1 pending_copies=0 glfinish_stalls=0 backpressure_observations=0
me.cx.vy.ct.ce.rg.ul.UploadStream	VOXY_PERF upload_stream coherent=true buffer_bytes=67108864 used_bytes=3280 remaining_bytes=67105584 threshold_bytes=8388608 queued_frames=1 pending_copies=0 glfinish_stalls=0 backpressure_observations=0
me.cx.vy.ct.ce.rg.ul.UploadStream	VOXY_PERF upload_stream coherent=true buffer_bytes=67108864 used_bytes=6560 remaining_bytes=67102304 threshold_bytes=8388608 queued_frames=1 pending_copies=0 glfinish_stalls=0 backpressure_observations=0
me.cx.vy.ct.ce.rg.ul.UploadStream	VOXY_PERF upload_stream coherent=true buffer_bytes=67108864 used_bytes=6560 remaining_bytes=67102304 threshold_bytes=8388608 queued_frames=1 pending_copies=0 glfinish_stalls=0 backpressure_observations=0
me.cx.vy.ct.ce.rg.ul.UploadStream	VOXY_PERF upload_stream coherent=true buffer_bytes=67108864 used_bytes=3280 remaining_bytes=67105584 threshold_bytes=8388608 queued_frames=1 pending_copies=0 glfinish_stalls=0 backpressure_observations=0
me.cx.vy.ct.ce.rg.ul.UploadStream	VOXY_PERF upload_stream coherent=true buffer_bytes=67108864 used_bytes=6560 remaining_bytes=67102304 threshold_bytes=8388608 queued_frames=1 pending_copies=0 glfinish_stalls=0 backpressure_observations=0
me.cx.vy.cn.wd.WorldSection	VOXY_PERF world_section_cache pool_size=21 allocations=284157 hits=282087 misses=2070 offers=282108 rejects=0 hit_pct=99.27
me.cx.vy.ct.ce.rg.ul.UploadStream	VOXY_PERF upload_stream coherent=true buffer_bytes=67108864 used_bytes=6560 remaining_bytes=67102304 threshold_bytes=8388608 queued_frames=2 pending_copies=0 glfinish_stalls=0 backpressure_observations=0
me.cx.vy.ct.ce.rg.ul.UploadStream	VOXY_PERF upload_stream coherent=true buffer_bytes=67108864 used_bytes=6560 remaining_bytes=67102304 threshold_bytes=8388608 queued_frames=1 pending_copies=0 glfinish_stalls=0 backpressure_observations=0
me.cx.vy.ct.ce.rg.ul.UploadStream	VOXY_PERF upload_stream coherent=true buffer_bytes=67108864 used_bytes=6560 remaining_bytes=67102304 threshold_bytes=8388608 queued_frames=1 pending_copies=0 glfinish_stalls=0 backpressure_observations=0
me.cx.vy.ct.ce.rg.ul.UploadStream	VOXY_PERF upload_stream coherent=true buffer_bytes=67108864 used_bytes=6560 remaining_bytes=67102304 threshold_bytes=8388608 queued_frames=1 pending_copies=0 glfinish_stalls=0 backpressure_observations=0
me.cx.vy.ct.ce.rg.ul.UploadStream	VOXY_PERF upload_stream coherent=true buffer_bytes=67108864 used_bytes=3280 remaining_bytes=67105584 threshold_bytes=8388608 queued_frames=1 pending_copies=0 glfinish_stalls=0 backpressure_observations=0
me.cx.vy.ct.ce.rg.ul.UploadStream	VOXY_PERF upload_stream coherent=true buffer_bytes=67108864 used_bytes=6560 remaining_bytes=67102304 threshold_bytes=8388608 queued_frames=1 pending_copies=0 glfinish_stalls=0 backpressure_observations=0
me.cx.vy.ct.ce.rg.ul.UploadStream	VOXY_PERF upload_stream coherent=true buffer_bytes=67108864 used_bytes=6560 remaining_bytes=67102304 threshold_bytes=8388608 queued_frames=1 pending_copies=0 glfinish_stalls=0 backpressure_observations=0
me.cx.vy.ct.ce.rg.ul.UploadStream	VOXY_PERF upload_stream coherent=true buffer_bytes=67108864 used_bytes=3280 remaining_bytes=67105584 threshold_bytes=8388608 queued_frames=1 pending_copies=0 glfinish_stalls=0 backpressure_observations=0
me.cx.vy.ct.ce.rg.ul.UploadStream	VOXY_PERF upload_stream coherent=true buffer_bytes=67108864 used_bytes=6560 remaining_bytes=67102304 threshold_bytes=8388608 queued_frames=1 pending_copies=0 glfinish_stalls=0 backpressure_observations=0
me.cx.vy.ct.ce.rg.ul.UploadStream	VOXY_PERF upload_stream coherent=true buffer_bytes=67108864 used_bytes=6560 remaining_bytes=67102304 threshold_bytes=8388608 queued_frames=1 pending_copies=0 glfinish_stalls=0 backpressure_observations=0
me.cx.vy.ct.ce.rg.ul.UploadStream	VOXY_PERF upload_stream coherent=true buffer_bytes=67108864 used_bytes=9840 remaining_bytes=67099024 threshold_bytes=8388608 queued_frames=2 pending_copies=0 glfinish_stalls=0 backpressure_observations=0
me.cx.vy.ct.ce.rg.ul.UploadStream	VOXY_PERF upload_stream coherent=true buffer_bytes=67108864 used_bytes=3280 remaining_bytes=67105584 threshold_bytes=8388608 queued_frames=1 pending_copies=0 glfinish_stalls=0 backpressure_observations=0
me.cx.vy.ct.ce.rg.ul.UploadStream	VOXY_PERF upload_stream coherent=true buffer_bytes=67108864 used_bytes=3280 remaining_bytes=67105584 threshold_bytes=8388608 queued_frames=1 pending_copies=0 glfinish_stalls=0 backpressure_observations=0
me.cx.vy.ct.ce.rg.ul.UploadStream	VOXY_PERF upload_stream coherent=true buffer_bytes=67108864 used_bytes=6560 remaining_bytes=67102304 threshold_bytes=8388608 queued_frames=1 pending_copies=0 glfinish_stalls=0 backpressure_observations=0
me.cx.vy.ct.ce.rg.ul.UploadStream	VOXY_PERF upload_stream coherent=true buffer_bytes=67108864 used_bytes=3280 remaining_bytes=67105584 threshold_bytes=8388608 queued_frames=1 pending_copies=0 glfinish_stalls=0 backpressure_observations=0
me.cx.vy.ct.ce.rg.ul.UploadStream	VOXY_PERF upload_stream coherent=true buffer_bytes=67108864 used_bytes=6560 remaining_bytes=67102304 threshold_bytes=8388608 queued_frames=1 pending_copies=0 glfinish_stalls=0 backpressure_observations=0
me.cx.vy.ct.ce.rg.ul.UploadStream	VOXY_PERF upload_stream coherent=true buffer_bytes=67108864 used_bytes=3280 remaining_bytes=67105584 threshold_bytes=8388608 queued_frames=1 pending_copies=0 glfinish_stalls=0 backpressure_observations=0
me.cx.vy.ct.ce.rg.ul.UploadStream	VOXY_PERF upload_stream coherent=true buffer_bytes=67108864 used_bytes=3280 remaining_bytes=67105584 threshold_bytes=8388608 queued_frames=1 pending_copies=0 glfinish_stalls=0 backpressure_observations=0
me.cx.vy.ct.ce.rg.ul.UploadStream	VOXY_PERF upload_stream coherent=true buffer_bytes=67108864 used_bytes=6560 remaining_bytes=67102304 threshold_bytes=8388608 queued_frames=2 pending_copies=0 glfinish_stalls=0 backpressure_observations=0
me.cx.vy.ct.ce.rg.ul.UploadStream	VOXY_PERF upload_stream coherent=true buffer_bytes=67108864 used_bytes=6560 remaining_bytes=67102304 threshold_bytes=8388608 queued_frames=1 pending_copies=0 glfinish_stalls=0 backpressure_observations=0
me.cx.vy.ct.ce.rg.ul.UploadStream	VOXY_PERF upload_stream coherent=true buffer_bytes=67108864 used_bytes=6560 remaining_bytes=67102304 threshold_bytes=8388608 queued_frames=1 pending_copies=0 glfinish_stalls=0 backpressure_observations=0
me.cx.vy.ct.ce.rg.ul.UploadStream	VOXY_PERF upload_stream coherent=true buffer_bytes=67108864 used_bytes=6560 remaining_bytes=67102304 threshold_bytes=8388608 queued_frames=1 pending_copies=0 glfinish_stalls=0 backpressure_observations=0
me.cx.vy.ct.ce.rg.ul.UploadStream	VOXY_PERF upload_stream coherent=true buffer_bytes=67108864 used_bytes=9840 remaining_bytes=67099024 threshold_bytes=8388608 queued_frames=2 pending_copies=0 glfinish_stalls=0 backpressure_observations=0
me.cx.vy.ct.ce.rg.ul.UploadStream	VOXY_PERF upload_stream coherent=true buffer_bytes=67108864 used_bytes=6560 remaining_bytes=67102304 threshold_bytes=8388608 queued_frames=1 pending_copies=0 glfinish_stalls=0 backpressure_observations=0
me.cx.vy.cn.wd.WorldSection	VOXY_PERF world_section_cache pool_size=21 allocations=284165 hits=282095 misses=2070 offers=282116 rejects=0 hit_pct=99.27
me.cx.vy.ct.ce.rg.hl.AsyncNodeManager	VOXY_PERF async_node copy_batches=1854 avg_copy_batch=69 max_copy_batch=604 copy_dispatch_batches=2063 avg_copy_dispatched_per_tick=62 max_copy_dispatched_per_tick=604 pending_copy_remaining=0 pending_result_age_ticks=0 sync_wait_events=374 result_copy_entries=0 result_scatter_entries=0 request_inflight_deferred=12 request_rerun_executed=12 copy_budget_per_tick=256 chunked_copy_enabled=true sync_wait_threshold_copies=320 warn_threshold_copies=500
me.cx.vy.ct.ce.rg.ul.UploadStream	VOXY_PERF upload_stream coherent=true buffer_bytes=67108864 used_bytes=6560 remaining_bytes=67102304 threshold_bytes=8388608 queued_frames=1 pending_copies=0 glfinish_stalls=0 backpressure_observations=0
me.cx.vy.ct.ce.rg.ul.UploadStream	VOXY_PERF upload_stream coherent=true buffer_bytes=67108864 used_bytes=6560 remaining_bytes=67102304 threshold_bytes=8388608 queued_frames=1 pending_copies=0 glfinish_stalls=0 backpressure_observations=0
me.cx.vy.ct.ce.rg.ul.UploadStream	VOXY_PERF upload_stream coherent=true buffer_bytes=67108864 used_bytes=3280 remaining_bytes=67105584 threshold_bytes=8388608 queued_frames=1 pending_copies=0 glfinish_stalls=0 backpressure_observations=0
me.cx.vy.ct.ce.rg.ul.UploadStream	VOXY_PERF upload_stream coherent=true buffer_bytes=67108864 used_bytes=6560 remaining_bytes=67102304 threshold_bytes=8388608 queued_frames=1 pending_copies=0 glfinish_stalls=0 backpressure_observations=0
me.cx.vy.ct.ce.rg.ul.UploadStream	VOXY_PERF upload_stream coherent=true buffer_bytes=67108864 used_bytes=6560 remaining_bytes=67102304 threshold_bytes=8388608 queued_frames=1 pending_copies=0 glfinish_stalls=0 backpressure_observations=0
me.cx.vy.cn.wd.WorldSection	VOXY_PERF world_section_cache pool_size=21 allocations=284220 hits=282150 misses=2070 offers=282171 rejects=0 hit_pct=99.27
me.cx.vy.ct.ce.rg.hl.AsyncNodeManager	VOXY_PERF async_node copy_batches=1854 avg_copy_batch=69 max_copy_batch=604 copy_dispatch_batches=2063 avg_copy_dispatched_per_tick=62 max_copy_dispatched_per_tick=604 pending_copy_remaining=0 pending_result_age_ticks=0 sync_wait_events=374 result_copy_entries=0 result_scatter_entries=0 request_inflight_deferred=12 request_rerun_executed=12 copy_budget_per_tick=256 chunked_copy_enabled=true sync_wait_threshold_copies=320 warn_threshold_copies=500
me.cx.vy.ct.ce.rg.bg.RenderDataFactory	Missing model summary: 14 misses in last 5s (679 unique IDs total, fallback model 1)
me.cx.vy.ct.ce.rg.ul.UploadStream	VOXY_PERF upload_stream coherent=true buffer_bytes=67108864 used_bytes=90784 remaining_bytes=67018080 threshold_bytes=8388608 queued_frames=1 pending_copies=0 glfinish_stalls=0 backpressure_observations=0
me.cx.vy.ct.ce.rg.bg.RenderDataFactory	Missing model summary: 15 misses in last 5s (694 unique IDs total, fallback model 1)
me.cx.vy.ct.ce.rg.hl.AsyncNodeManager	VOXY_PERF async_node copy_batches=1854 avg_copy_batch=69 max_copy_batch=604 copy_dispatch_batches=2063 avg_copy_dispatched_per_tick=62 max_copy_dispatched_per_tick=604 pending_copy_remaining=0 pending_result_age_ticks=0 sync_wait_events=374 result_copy_entries=0 result_scatter_entries=0 request_inflight_deferred=12 request_rerun_executed=12 copy_budget_per_tick=256 chunked_copy_enabled=true sync_wait_threshold_copies=320 warn_threshold_copies=500
me.cx.vy.cn.wd.WorldSection	VOXY_PERF world_section_cache pool_size=20 allocations=416863 hits=414793 misses=2070 offers=414814 rejects=0 hit_pct=99.50
me.cx.vy.ct.ce.rg.ul.UploadStream	VOXY_PERF upload_stream coherent=true buffer_bytes=67108864 used_bytes=6560 remaining_bytes=67102304 threshold_bytes=8388608 queued_frames=1 pending_copies=0 glfinish_stalls=0 backpressure_observations=0
me.cx.vy.ct.ce.rg.hl.AsyncNodeManager	VOXY_PERF async_node copy_batches=1854 avg_copy_batch=69 max_copy_batch=604 copy_dispatch_batches=2063 avg_copy_dispatched_per_tick=62 max_copy_dispatched_per_tick=604 pending_copy_remaining=0 pending_result_age_ticks=0 sync_wait_events=374 result_copy_entries=0 result_scatter_entries=0 request_inflight_deferred=12 request_rerun_executed=12 copy_budget_per_tick=256 chunked_copy_enabled=true sync_wait_threshold_copies=320 warn_threshold_copies=500
me.cx.vy.ct.ce.rg.bg.RenderDataFactory	Missing model summary: 7 misses in last 5s (701 unique IDs total, fallback model 1)
me.cx.vy.ct.ce.rg.ul.UploadStream	VOXY_PERF upload_stream coherent=true buffer_bytes=67108864 used_bytes=9840 remaining_bytes=67099024 threshold_bytes=8388608 queued_frames=2 pending_copies=0 glfinish_stalls=0 backpressure_observations=0
me.cx.vy.ct.ce.rg.ul.UploadStream	VOXY_PERF upload_stream coherent=true buffer_bytes=67108864 used_bytes=6560 remaining_bytes=67102304 threshold_bytes=8388608 queued_frames=1 pending_copies=0 glfinish_stalls=0 backpressure_observations=0
me.cx.vy.cn.wd.WorldSection	VOXY_PERF world_section_cache pool_size=21 allocations=424982 hits=422912 misses=2070 offers=422933 rejects=0 hit_pct=99.51
me.cx.vy.ct.ce.rg.ul.UploadStream	VOXY_PERF upload_stream coherent=true buffer_bytes=67108864 used_bytes=6560 remaining_bytes=67102304 threshold_bytes=8388608 queued_frames=2 pending_copies=0 glfinish_stalls=0 backpressure_observations=0
me.cx.vy.ct.ce.rg.hl.AsyncNodeManager	VOXY_PERF async_node copy_batches=1854 avg_copy_batch=69 max_copy_batch=604 copy_dispatch_batches=2063 avg_copy_dispatched_per_tick=62 max_copy_dispatched_per_tick=604 pending_copy_remaining=0 pending_result_age_ticks=0 sync_wait_events=374 result_copy_entries=0 result_scatter_entries=0 request_inflight_deferred=12 request_rerun_executed=12 copy_budget_per_tick=256 chunked_copy_enabled=true sync_wait_threshold_copies=320 warn_threshold_copies=500
me.cx.vy.ct.ce.rg.bg.RenderDataFactory	Missing model summary: 3 misses in last 5s (704 unique IDs total, fallback model 1)
me.cx.vy.ct.ce.rg.bg.RenderDataFactory	Missing model summary: 4 misses in last 5s (708 unique IDs total, fallback model 1)
me.cx.vy.ct.ce.rg.ul.UploadStream	VOXY_PERF upload_stream coherent=true buffer_bytes=67108864 used_bytes=3280 remaining_bytes=67105584 threshold_bytes=8388608 queued_frames=1 pending_copies=0 glfinish_stalls=0 backpressure_observations=0
me.cx.vy.cn.wd.WorldSection	VOXY_PERF world_section_cache pool_size=21 allocations=441938 hits=439868 misses=2070 offers=439889 rejects=0 hit_pct=99.53
me.cx.vy.ct.ce.rg.hl.AsyncNodeManager	VOXY_PERF async_node copy_batches=1854 avg_copy_batch=69 max_copy_batch=604 copy_dispatch_batches=2063 avg_copy_dispatched_per_tick=62 max_copy_dispatched_per_tick=604 pending_copy_remaining=0 pending_result_age_ticks=0 sync_wait_events=374 result_copy_entries=0 result_scatter_entries=0 request_inflight_deferred=12 request_rerun_executed=12 copy_budget_per_tick=256 chunked_copy_enabled=true sync_wait_threshold_copies=320 warn_threshold_copies=500
me.cx.vy.ct.ce.rg.ul.UploadStream	VOXY_PERF upload_stream coherent=true buffer_bytes=67108864 used_bytes=9840 remaining_bytes=67099024 threshold_bytes=8388608 queued_frames=1 pending_copies=0 glfinish_stalls=0 backpressure_observations=0
